pocz;zyl;b;wstp;wstk;lkr;SL;TP;op;bvol;vwst;ll3;bawe;bcawe
1000;0.00000;-0.00090;33;7;20;0.02610;0.00020;9;163;22;8;0.01750;0.00990
1100;0.00260;-0.00030;38;7;29;0.02410;0.00150;7;208;25;5;0.01980;0.01400
1200;0.01360;-0.00060;35;9;29;0.01890;0.00100;9;212;4;7;0.01510;0.00940
1300;-0.00138;-0.00030;31;2;18;0.02030;0.00020;5;175;31;12;0.01100;0.00770
